aid,original_title,image_url,published_date,article_url,category,text
243,– Tror ikke Norge kommer til å innfri under klimatoppmøtet,https://www.dagsavisen.no/resizer/v2/66DGGJFF5NGS5KJPFBIORIWHYA.jpg?smart=true&auth=cbd906ba6722eea958d36308af8c710a9dfb7e80c13b24b11e8f7a26a0052fc8&width=1200&height=630,2024-11-12 18:17:54,https://www.dagsavisen.no/nyheter/innenriks/2024/11/12/tror-ikke-norge-kommer-til-a-innfri-under-klimatoppmotet,Politikk AND Venstre,"– Det gir et uheldig signal når Jonas Gahr Støre og andre statsledere ikke stiller i Baku, når dette er den første anledningen til å vise at verden går videre i fellesskap om klimapolitikken etter at Trump på ny ble valgt til president, fortsetter Gulowsen.
– Trump trakk USA ut av Parisavtalen i sin første periode som president, og han har varslet at han vil gjøre det igjen.
– Ikke internasjonal erfaring
Tirsdag kunne NRK melde at Jonas Gahr Støre (Ap) for første gang i sin tid som statsminister, ville droppe å være med på et klimatoppmøte. Statsministerens kontor har opplyst til E24, at grunnen til det er at Støre i stedet prioriterer møtet til de såkalte G20-landene i Brasil 18. og 19. november. Klimatoppmøtet i Baku i Aserbajdsjan holdes fra 11. til 22. november.
Ifølge Statsministerens kontor innebærer ikke dette noen nedprioritering av internasjonalt klimasamarbeid. Det påpekes også at Norge som gjesteland i G20, kan påvirke viktige beslutninger om blant annet klima, miljø og sosiale ulikheter.
Barn underholder under åpningsseremonien i Baku tirsdag.
(Maxim Shemetov/Reuters)
Heller ikke USAs president Joe Biden, Frankrikes president Emmanuel Macron, Kinas president Xi Jinping, Indias statsminister Narendra Modi, Tysklands statsminister Olaf Scholz eller EU-kommisjonens leder Ursula von der Leyen kommer til årets klimatoppmøte, skriver NRK.
– Hva tenker du om at det er klima- og miljøminister Tore O. Sandvik som nå i stedet skal lede Norges delegasjon under klimatoppmøtet?
– Opprinnelig var det utenriksminister Espen Barth Eide som skulle overta for Støre. Jeg tror han ville ha bidratt til at Norge ville ha oppført enda mer effektivt i Baku, enn med en som ikke har internasjonal erfaring, svarer Gulowsen.
– Jeg tror likevel ikke det er krise at det er Sandvik som leder delegasjonen. Norge har gode tradisjoner for å innta en konstruktiv rolle og finne gode løsninger under slike møter.
– Norge må ligge i øvre ende av utslippskuttene som en av verdens rikeste land, og med noen av de beste forutsetningene for å kunne redusere utslippene, sier Truls Gulowsen.
(Foto: Sveinung Skjong-Arnestad)
Les også:
Tre år etter trusler om bøter: Lærerne er fortsatt ikke rustet til å håndtere vold
(+)
---
Fakta om FNs klimatoppmøte i Baku
Klimaforhandlingsmøte som holdes i Aserbajdsjans hovedstad Baku fra 11. til 22. november.
Et rekke stats- og regjeringssjefer ventes å delta. Men mange av landene med størst utslipp sender trolig ikke sine øverste ledere.
Nesten alle verdens land deltar i forhandlingene. De dreier seg i stor grad om gjennomføringen av klimaavtalen som ble vedtatt i Paris i 2015.
Også organisasjoner, pressefolk og representanter for næringsliv vil være til stede i Baku.
Møtet kalles Cop 29. Forkortelsen står for Conference of the Parties. «Partene» er landene som har undertegnet FNs klimakonvensjon (UNFCCC).
Tilsvarende møter er blitt holdt nesten hvert år siden 1995.
(Kilder: UNFCCC, The New York Times, NTB, Klima- og miljødepartementet)
---
– En skremmende bekreftelse
Så veldig stor tro på den norske regjeringen har Gulowsen likevel ikke.
– Regjeringens nylige statsbudsjett og framlegging av Naturmelding er en skremmende bekreftelse på regjeringens manglende vilje og evne til å følge opp sitt eget mantra fra Hurdal, om at «natur og klima skulle være rammen om all politikk.»
Det sa Gulowsen under Naturvernforbundets landsmøte i Trondheim sist helg.
Der ble han gjenvalgt som leder for Naturvernforbundet, et verv han har hatt siden 2021.
– Til tross for massiv støtte fra klimaforskere om at klimakrisa er alvorlig og trenger kraftfull politikk raskt, går utslippene knapt ned, CO2-avgiften står på stedet hvil og oljenæringen får fortsette som den vil, fortsatte Gulowsen.
– Regjeringen har til og med sendt forslag til nye klimamål på høring, som er så lave at de selv erkjenner at de vil bryte mot Parisavtalen, påpekte han også.
I høringsnotatet foreslår regjeringen at det fastsettes et klimamål for 2035 med et ambisjonsnivå innenfor spennet mellom 55 og 80 prosent reduksjon i utslippene sammenlignet med utslippsnivået i 1990.
I klimaloven er det allerede lovfestet at klimautslippene i 2030 skal være minst 55 prosent lavere enn i 1990.
Les også:
Det finnes ingen kur for Isabella (6)
– Liten tro på Sp og Frp
Nå ser Naturvernforbundet fram mot stortingsvalget i 2025.
«Valget i 2025 må bli et vendepunkt. For at Norge skal kunne ta sin plass som en miljønasjon, må vi velge politikere som forstår alvoret i natur- og klimakrisa. Vi må kreve at Stortinget stopper all videre letevirksomhet etter olje og gass, verner våre verdifulle naturområder og jobber for en grønn omstilling som gagner både folk og miljø», heter det i en uttalelse fra landsmøtet.
– Hvilke politikere forstår alvoret i natur- og klimakrisa?
– Vi har noen innimellom som viser større forståelse enn andre, men de er per i dag ikke i flertall. Nå skal det avholdes nominasjonsmøter og snekres politikk, og da må alle som er opptatt av natur og miljø i partiene, jobbe for å få riktig politikk, svarer Gulowsen.
– Men sånn som det ser ut nå, har jeg liten tro på at Senterpartiet og Frp vil bli gode miljøpartier.
– Hvem er de gode miljøpartiene, da?
– I vår forrige valgundersøkelse var det MDG, SV, Venstre og Rødt som havnet høyest.
Les også:
Kommentar: Historiens dom kan bli brutal for Joe Biden
(+)
67 milliarder i året
Alle de politiske partiene på Stortinget har litt å leve opp til for å komme dit hvor Naturvernforbundet mener lista bør ligge. Under klimatoppmøtet i Baku er finansiering av klimatiltak i fattige land et sentralt tema. Naturvernforbundet mener at Norge bør bidra med 67 milliarder kroner i året til dette formålet.
– Jeg tror dessverre ikke at Norge kommer til å innfri det ønsket under klimatoppmøtet, sier Gulowsen.
– Dette er ikke nasjonalt debattert og heller ikke folkelig forankret i Norge. Men våre beregninger tilsier at Norge må bidra med et slikt beløp, som tross alt ikke er høyere enn noen dager med oljeinntekter. Kanskje burde beløpet ha vært enda høyere også, med tanke på hvor mye vi har profittert på oljeutvinningen.
Naturvernforbundet gir politikerne noe å strekke seg etter også når det gjelder utslippskuttene.
Når Norge skal melde inn sine nye klimamål for 2035, mener miljøorganisasjonen at de må tilsi minst 80 prosent kutt av egne utslipp, sammenlignet med 1990. Så langt har utslippene blitt redusert med 9,1 prosent siden den gang.
Også Miljødirektoratet har uttalt at Norge bør ha som mål å redusere utslippene av klimagasser med minst 80 prosent innen 2035.
– Vi mener helt klart at Norge må ligge i øvre ende av utslippskuttene som en av verdens rikeste land, og med noen av de beste forutsetningene for å kunne redusere utslippene, sier Gulowsen.
Les også: «Snøfall 2»:
Julemagien lyser på Oslo Nye
(+)"
244,Milliardpress mot Støre for økt Ukraina-hjelp,https://akamai.vgc.no/v2/images/fafed385-0260-47ff-b3d8-faf68fccb816?format=auto&w=1080&s=337c6e5e502fd42c3a38ee8c1248c1d64fc48680,2024-11-12 14:46:32,https://www.vg.no/nyheter/i/QM8B7Q/milliardpress-mot-stoere-for-oekt-ukraina-hjelp,Politics,"Jens Stoltenbergs tidligere militære topprådgiver i Nato ber regjeringen høyne det norske Ukraina-støtten betydelig. Høyre, SV og Venstre gir full støtte.
For 6 minutter siden
Kortversjonen
Jens Stoltenbergs rådgiver i Nato, Gjermund Eide, oppfordrer til å øke norsk støtte til Ukraina.
Det er stor usikkerhet om hvordan den nye Trump-administrasjonen vil påvirke krigens videre forløp.
Høyre, SV og Venstre vil ha forhandlinger om økt økonomisk hjelp.
Ap sier nå at det blir samtaler om støtten til Ukraina i løpet av november.
Frykten er stor for at påtroppende USA-president Donald Trump vil stoppe krigen på vilkår som ikke er til å leve med for Ukraina.
– Vi må ikke sette oss i en situasjon hvor vi i 2026 angrer på at vi ikke gjorde mer i 2024 og 2025, sier Gjermund Eide til VG.
Den norske brigaderen var Stolenbergs fremste militære rådgiver i hans ti år i Nato.
– Hvis ikke Norge gjør mer for Ukraina, hvem skal da ta et større ansvar, spør Eide retorisk.
I sin siste måned som Natos generalsekretær, erkjente Jens Stoltenberg selvkritisk at Nato-landende burde ha gjort mer for å bygge opp Ukrainas forsvarsevne i årene etter 2014.
– Vi skulle ha sørget for at Ukraina fikk mer støtte i disse årene, slik at de kunne forsvart seg bedre – eller i beste fall avskrekket Russland fra å prøve seg. Etter 1000 dager med krig ser vi at Russland ikke gir opp sine ambisjoner, at de fortsetter å slåss hver eneste dag. Lærdommen er at vi må gi Ukraina den støtten nå, sier Eide.
Kan miste kontrollen
Gjermund Eide har levert inn uniformen etter at han returnerte til Norge 1. oktober. For et par uker siden begynte han i ny jobb som rådgiver i PR-selskapet Kruse Larsen.
– Alle vestlige land som har noe å gi, må grave dypere i lommene og se hva man har av militært utstyr og penger til å gjøre Ukraina enda sterkere. Hvis vi ikke stopper Putin nå, risikerer vi en utvanning av prinsippet om at enhver stat er suveren, og i verste fall kan vi miste kontrollen over rikdommen vi har fått fra olje og gass. For vi vet ikke hvor Moskva vil slå til militært i neste omgang, sier han.
Politisk dragkamp
Det foregår en politisk drakamp om hvor mye Norge skal gi i støtte til Ukrainas kamp mot Russlands krigføring.
Regjeringen har blitt kritisert for kutt i Ukraina-støtten i 2025-budsjettet, sammenlignet med de to siste årene - fra rundt 27 milliarder kroner i år til 15 milliarder kroner neste år, ifølge regjeringens forslag til statsbudsjett.
– Vil øke støtten kraftig
Venstre-leder Guri Melby sier Stortinget må handle for å få opp den økonomiske støtten.
– Venstre har bedt Stortinget om nye forhandlinger med regjeringen om Ukraina-støtten, ved siden av budsjettforhandlingene med SV. Det har støtte fra blant annet SV og Høyre. Men foreløpig ikke fra regjeringen.
Ap: Det kommer mer
– I statsbudsjettet har vi lagt frem det som var enigheten mellom alle partiene, 15 milliarder kroner. Så har vi hele tiden sagt at det vil komme mer i løpet av året, sier Åsmund Aukrust (Ap).
Han er Aps utenrikspolitiske talsperson på Stortinget og nestleder i utenriks- og forsvarskomiteen.
Høyre har vært ute og signalisert at partiet vil foreslå å tredoble den norske støtten til 45 milliarder neste år, hovedsaklig til militær støtte.
– Akkurat nå er krigen i en avgjørende fase, den vinnes eller tapes nå. Og det er i vår egen sikkerhetspolitiske interesse at Ukraina ikke faller, sa Høyres Ine Søreide til Aftenposten.
Tydelig signal
Hun sier at det haster fordi situasjonen «bare blir verre i Ukraina og russerne rykker stadig fremover, nå også med støtte fra Nord-Korea langs fronten».
– Vi har uke etter uke i flere måneder nå bedt regjeringen øke støtten til Ukraina, uten at noe skjer. Derfor har vi bedt Stortinget om å sette seg ned i nye forhandlinger for at vi kan få opp støtten kraftig og raskt.
Hun legger til:
– Det er et flertall av partiene på Stortinget som støtter dette, men så lenge regjeringen avviser det, skjer det dessverre ingenting. Vi kan jo håpe at de endrer standpunkt nå som det er så tydelig signal fra samtlige partier.
SV vil kjempe
SV er nøkkelpartiet, fordi de i alle statsbudsjett siden Støre-regjeringen tiltrådte i 2021, har bidratt til å sikre flertall med Ap og Sp.
Ingrid Fiskaa, utenrikspolitisk talsperson i SV, sier de skal gjøre sitt for å øke Ukraina-støtten.
– SV er positiv til økt støtte til Ukraina. Vi er gjerne med på en tverrpolitisk prosess i Stortinget om dette, og stiller da som krav at også støtten til fattige land skal øke, sier hun.
– Det er ikke riktig at vi har avvist forespørsler om samtaler. Tvert imot har vi tatt initiativ til samtaler med alle partiene, et møte for å diskutere hvordan vi best mulig kan støtte Ukraina videre, sier Åsmund Aukrust (Ap).
– Når vil det skje?
– Det er ikke satt noen dato. Men det vil skje før statsbudsjettet vedtas. så da må det jo bli i løpet av november, sier han.
Etter USA-valget
Gjermund Eide, Jens Stoltenbergs tidligere militære topprådgiver i Nato, mener at utfallet av USA-valget gjør det enda mer viktig å fortelle Ukraina at de kan få mer støtte fra Europa.
– Vi vet ikke hvordan Donald Trump har tenkt å avslutte denne krigen. Men vi vet at Trump kommer tilbake, mer selvsikker, og med et team som kommer til å gjennomføre Trumps politikk. Vi vet også at han ikke ønsker å ta videre ansvar for denne krigen. Og at Europa må ta et større ansvar for Ukraina.
– Har Nato lyktes med å gjøre Ukraina-støtten Trump-sikker?
– Hensikten var ikke å Trump-sikre støtten, men å gjøre leveransene til Ukraina sikrere og forutsigbare. De klaget over at de fikk mindre enn det som ble lovet, og noe av materiellet fungerte ikke. Derfor etablerer Nato en egen organisasjon som tar ansvaret, slik at landene ansvarliggjøres for å yte det de har lovet, og det som kan komme Ukraina til nytte.
– De tre høyeste prioritetene er luftvern, luftvern og luftvern, for å beskytte styrkene som kjemper i øst, og for å hindre et Russland fortetter å ødelegge energiforsyningen foran vinteren, sier Eide.
Aukrust sier at han er enig i at USA-valget gjør en forskjell:
– Det er veldig viktig å fortsette å støtte Ukraina, og det blir ikke mindre viktig etter valget i USA. Og så er det veldig viktig at også USA fortsetter å støtte Ukraina. Jeg vet at statsministeren snakket med Trump om dette tirsdag kveld. USAs støtte har hittil vært så stor at ingen land alene kan erstatte den, sier Åsmund Aukrust.
– Ikke troverdig
– Tror du at det kan bli fred i Ukraina uten at landet på å oppgi territorium til Russland?
– Med dagens militære ressurser som Ukraina rår over, er det ikke troverdig at landet skal ta tilbake alt terreng som Russland har tatt siden 2014. Men i respekt for Ukrainas rett til selv å bestemme under hvilke forutsetninger de kan akseptere en fredsavtale, så skal ikke vi legge premissene for en slik avtale, sier Gjermund Eide."
245,Islam arbeider intenst for å overta svenske skoler,https://www.rights.no/wp-content/uploads/2020/11/Islam-600x315.jpg,2024-11-12 12:07:15,https://www.rights.no/2024/11/islam-arbeider-intenst-for-a-overta-svenske-skoler,Politikk AND Venstre,"«Vi er maktesløse. Og ofte tenker jeg: De har vunnet og vi har tapt.» Dette skrev en lærer i Østerrike i en brannfakkel av en bok i 2022. «De» er muslimske elever, og «vi» er Europa. Wiens skoler dominert av muslimer er et varsel om hva som også er realiteter i Norges storbyer, især i Oslo øst, noe Abid Raja har fått smake på under bokforedrag der.
Her møter han elever som lever i islams dogmer fra de står opp til der legger seg, alt reguleres av haram og halal , helt inn i klasserommene og undervisningen i hvert enkelt fag. Islam har den selvfølgelige forkjørsretten, bønneteppet rulles ut med retning Mekka, jenter uten hijab anses som horete, homofile skal steines, og elever sier rett ut at når de ikke er i mindretall, men «når vi er flere, så kan vi stå mer oppreist», i betydning å slippe islams dogmatikk fullstendig løs. Lærere som kler seg sømmelig
Det samme rapporterte Susanne Wiesinger om i 2022. Lærerne i Wiens skoler møter en enda mer islamisert skole enn i Oslo øst. Lærerne kler seg «sømmelig», de bankes opp, de kvinnelige elevene bøyer hodet og vender blikket sjenert bort, og skolene velger ren underkastelse. Skolene har latt det islamske jerngrepet ta over. Den islamske moral-dinosauren trasker rundt i både klasserommene og i skolegårdene. Bønn er viktigere enn utdannelse, og skolene produserer samfunnstapere, rapporterte en fortvilet Wiesinger.
Vi er ikke overrasket over at det samme bildet tegnes i Sverige, det mer og mer fortapte landet, der islam har inntatt hele samfunnssystemet. Skolene er et prioritert mål for å indoktrinere unge sjeler i islams dogmer og slik ytterligere øke islams makt. Da er det også sentralt for disse kreftene å spre mistillit hos elevene om storsamfunnets gode eller onde hensikter.
Antallet muslimer har vokst dramatisk de siste to tiårene i Sverige og ligger på anslagsvis 800.000 – 1 million. En større andel muslimer tar utdanning, eksempelvis lærerutdanning.
Det betyr at islamister også ansettes som lærere og at de bruker arbeidsplassen sin til å påvirke elever med sine antidemokratiske og kvinneundertrykkende holdninger. Skoler er så islamiserte at de stenges
Noen er ansatt ved muslimske friskoler. Siden 2019 har minst syv muslimske friskoler blitt stengt av Skoletilsynet etter at Sikkerhetspolitiet advarte om at elever var blitt radikaliserte.
Muslimske lærere og lærerstudenter gir hverandre råd om hvordan de kan unngå å undervise i uønskede fag. Man kan tenke seg at det kan være historiske temaer om kvinners likestilling, LHBTQ eller Holocaust. Det kan også være ulike vitenskapelige emner som motsier Koranens ord.
Ved en kommunal skole i Gøteborg skal en ansatt ha ledet muslimsk bønn for grunnskoleelever i skoletiden. Denne ansatte skal også ha irettesatt skolejenter hvis muslimske hodeskjerf ikke dekket håret. Dette kommer frem i en rapport til Skoletilsynet fra i fjor, skriver Sophie Löwenmark.
Og den ansatte ved skolen i Göteborg ser dessverre ikke ut til å være alene.
Bekymrede muslimske foreldre søker råd om hvordan de kan forhindre at barn blir «indoktrinert». Bekymringene inkluderer seksualundervisning, bønn i skolen, Israel-Palestina-konflikten, skolemat og mangel på muslimske lærere.
Men det er ikke bare bekymret foreldre som blander seg inn i hvordan emner blir undervist om i svenske skoler. Representanter fra ulike mer eller mindre radikale islamistiske organisasjoner er svært aktive.
For eksempel la de press på skolen for å si opp en ansatt som er anklaget for islamofobi. Angrepene får en ønsket effekt – man kneler for islam
Da svenske skoler planla å handle skolemat under Ramadan, ble det sendt ut skjemaer for å finne ut hvor mange elever som hadde tenkt å spise i løpet av fastemåneden. Dette fikk den muslimske organisasjonen Islamic Academy til å oppfordre muslimske foreldre til ikke å svare, skriver Den korte avis. Spørsmålene ble nemlig påstått å være islamofobiske og utgjør ulovlig registrering av religiøs tilhørighet.
I den konstante kampen mot påståtte urettferdigheter blir individuelle lærere og rektorer ofte trukket frem og anklaget for å krenke muslimske elever. Anklager ble blåst opp og spredt av selverklærte forsvarere av den ene sanne doktrinen. Eksemplene på dette står i kø:
En kvinnelig skoleleder og V-politiker i Eskilstuna uttrykte i sosiale medier høsten 2021 bekymring for at stadig flere unge jenter går med hijab og heldekkende klær.
Det utløste øyeblikkelig en kampanje mot skolesjefen med sentralt produserte tekster som kunne brukes til å bombardere ledere og politikere med e-post. Det muslimske partiet Nyans anmeldte henne til ombudsmannen.
En rektor i Örebro uttalte seg i denne våren om radikalisering hos elever som kom fra en nedlagt muslimsk friskole. Kommentaren hennes førte til massivt med anklager, anklager om islamofobi og en fordømmelse fra den lokale moskeen.
De siste ukene har det vært et slikt trøkk mot rektor Linnea Lindquist. Argumentene er de samme, og islamister leder an.
Angrepene på rektorer og lærere har en avskrekkende effekt. De er ikke bare truende og ubehagelige for den det gjelder, men fungerer også som en advarsel til andre om ikke å utfordre islamistenes innflytelse i skolen. Ny politikk fra Venstres side?
Ettersom Abid Raja har kommet til erkjennelsen at det pågår en aktiv islamisering i en del Osloskoler burde man kunne forvente at mottiltakene vil kommer fra Venstre, som å forby religiøse klesplagg i skoletiden (hele grunnskolen, gjerne også videregående skole), sette foten ned for bønnerom og bønn i skoletiden, inkludert i skolegården, og å pålegge lærere og rektorer om ikke å tilpasse seg undervisning i noe som helst fag til islams dogmer og ideologi.
Det er lov å håpe. Og i alle fall ett parti på Stortinget vil støtte et slikt fremstøt fra Venstre, FrP."
246,Ny sterk høyrebølge med Ap ved roret,https://g.acdn.no/obscura/API/dynamic/r1/ece5/tr_2000_2000_s_f/1731005229000/ostl/2024/11/6/19/3.jpg?chk=056CBE,2024-11-11 19:37:30,https://www.ostlendingen.no/ny-sterk-hoyrebolge-med-ap-ved-roret/o/5-69-1795617,Politikk AND Venstre,"Kommentar Dette er en kommentar, skrevet av en redaksjonell medarbeider. Kommentaren gir uttrykk for skribentens holdninger.
Når det snart utbrukte tittelordet i media, «sjokk» stemmer er det alvor. Østlendingens saker om meningsmålinga vi presenterte fredag er alle utstyrt med banneret «Sjokkmåling».
Og sjøl om enkelte hevder de hadde fasiten på forhånd står vi trygt med tittelbruken, denne gangen. Når Frp er Innlandets største parti på bekostning av Hedmark og Opplands politiske gigant, Arbeiderpartiet, har det skjedd mye.
Vi har i flere tiår sett at sosialdemokratiet er svekket i Norge. Men krasjet på meningsmålinga var vanskelig å se for seg for relativt kort tid siden. I hvert fall inntil skolenedleggelses-saken ble vedtatt, med Ap i front.
Allerede før den saken rullet nær sagt på stridsvognsbelter inn i en ikke altfor knallhard politisk debatt i Hedmark og Oppland, så slet Ap med å vinne folk til partiet, som for tida er det styrende partiet i både Norge og Innlandet.
Samarbeidspartner i regjering, Sp, har også fått en hard flathåndstæva av folket.
Styringsslitasje er en naturlig del av forklaringene på at de to partiene har mistet popularitet de siste tre åra. En regjering skal gjøre mye godt, ikke minst ved å innfri valgløfter, for å beholde makta.
En regjering må også være heldige med internasjonale økonomiske konjunkturer, som påvirker renta, prisnivået og alt annet som handler om folks økonomi.
Den sittende regjeringa har også styrt i ei tid i der de økonomiske bølgene, og uforutsigbarheten, i stor del er skapt av Putins brutale krig i Ukraina.
Ap og Sp har ikke skylda for rentenivået i Norge, og heller ikke for prisen på matvarer og andre livsnødvendigheter. Dette påvirker handlingsrommet til en regjering, men de har uansett ansvar for å innfri valgløfter som var med å gi dem makta.
Apropos valgløfter; retorikken til valgvinnerne fra 2021 sitter fortsatt. Den stadige gjentakelsen om at folk flest skal få det bedre. At det er folk flest sin tur.
Det er et par haker med den, når det blir snakk om valgløftene er innfridd. Nesten alle vil definere seg innenfor folk flest-begrepet. Så lenge begrepet ikke defineres blir det opp til hver og en av oss.
Resultatet er at alle føler de er blitt lovet å få det bedre. Når resultatet er at de aller fleste ikke har mer å rutte med, ja da er det skapt et politisk problem. Et problem som heter mangel på tillit. Politikere og politiske partier uten tillit er i krise.
Misnøyen som meningsmålinga viser kan ikke Ap og Sp skylde på folk for. Makta kan heller ikke skylde for mye på opposisjonen, som riktignok ikke nødvendigvis tar solide tak utenom å kritisere de som har makta.
I Innlandet ble det brått etter fylkestingsvalget i fjor skapt usikkerhet og splid. Arbeiderpartiet søkte til Høyre, og da først og fremst for å legge ned skoler. Høyre får ikke svi for det, fordi det er forutsigbar Høyre-politikk. Arbeiderpartiet har dermed fått støyten.
Det var også Arbeiderpartiet som fikk juling etter at flertallet i Innlandet ikke ble hørt i den rådgivende folkeavstemninga om å oppløse Innlandet fylke. 3.000 stemmegiveres overvekt ble ikke hørt.
Det folk glemte var at også Høyre, Venstre og KrF stemte ned flertallet. At Ap har tapt troverdighet på skole- og fylkeskommune-saken må da enten skyldes feilslått politikk, eller dårlig politisk kommunikasjon.
Arbeiderpartiet sliter åpenbart med å forvalte makta de har på en måte som tilfredsstiller velgerne. Meningsmålingas store vinner, Fremskrittspartiet, sliter ikke med å nå folk.
Spesielt unge menn flokker seg om det blåeste partiet i fylkesting og storting. Det forklares av mange med misnøye, avmakt og ikke minst økonomi.
For sjøl om folk er opptatt av sosial- og makroøkonomi, altså hvordan konjunkturene er i Norge og verden, så er det stadig mer tydelig at folk, spesielt unge, er mer opptatt av egen lommebok.
Den oppvoksende slekt, som akkurat har kommet i stemmealder, hevdes av flere å være mer sjølopptatte.
Og da angående det de mener å fortjene som rett lønn for seg, sine egne studie- og arbeidsforhold, sin lommebok, sin egen personlige definisjon av hva som er rett og galt, og hva som er krenkende eller ikke.
Det hevdes at flere unge enn tidligere har et verdenssyn der de setter seg sjøl i sentrum.
Det betyr ikke at Frp eller Høyre sin framgang er fordi de spiller rått på egoisme. Men de er gode til å appellere til de unge, kanskje noe egosentriske, velgerne. De ser dem, og det er uansett smart.
Arbeiderpartiet og Senterpartiet har mistet grepet på de yngre. Samtidig har spesielt Ap mistet taket på distriktene, der de sammen med Sp har stått støtt. Sp har holdt stand i fylkesmålinga mens Ap taper stort.
På riksnivå viser målinga at begge partier taper kraftig. Begge to til Frp og Høyre, men Ap også til SV og Rødt.
Nå er spørsmålet om det klare velgersignalet fra den rødgrønne bastionen Hedmark og Oppland betyr at det blir regjeringsskifte til neste høst. Det er naivt og uklokt å hevde at det ikke ligger an til det.
Men det er mange usikre stemmer å kjempe om. Hele en tredel av de spurte i meningsmålinga har ikke bestemt seg. Og de rekordmange som har endret parti kan snu igjen, partilojaliteten svekkes i alle partier.
Ap og Sp har en strategisk og praktisk politisk jobb foran seg som det kreves enormt mye av om det skal ende med suksess for de rødgrønne.
Akkurat nå slipper Frp og Høyre et slikt skippertak, men kan sitte relativt rolig i båten, og samtidig prøve å unngå den type utenompolitiske skandaler som kan endre den stabile kursen de har."
247,Innvandring og bærekraft,https://www.rights.no/wp-content/uploads/2024/11/Skjermbilde-2024-11-11-kl.-14.08.58-600x315.png,2024-11-11 13:14:33,https://www.rights.no/2024/11/innvandring-og-baerekraft,Politikk AND Venstre,"Alle vet hva FrP vil i innvandringspolitikken, men det er straks verre hva de faktisk får til. Da de satt i regjering ble vel ikke så mange av oss imponert, selv om det nok hadde vært langt verre uten FrP. For som kjent har Høyre snodd seg unna som en ål, og når de samtidig skulle tilfredsstille innvandringsliberale Venstre og det selvgode, humane KrF, kunne det ikke bli annet enn graut.
Så skulle en tro at en regjering av AP og Sp hadde all verdens muligheter til å få tatt noen skippertak i innvandringspolitikken. Men de skal jo samtidig tilfredsstille budsjettpartner SV og ellers gjør de som de bruker: Skylder på krigen i Ukraina. Innstramning som monner?
Ap har alltid hevdet at de har en «streng» innvandringspolitikk, uansett hvor liberalt de har forvaltet den. Så når de nå har gått fra «streng og human» til «kontrollert og bærekraftig» kan vi antakelig ikke forvente annet enn en masse ord som det aldri blir satt noe politisk kraft bak. Til det er man nok for redd for å miste innvandrerstemmer, ikke minst de muslimske som begynner å bli tallrike i Norge.
Poenget til Sylvi Listhaug i Politisk kvarter er at hvis vi ikke strammer inn innvandringen dramatisk så risikerer Norge om få ikke å ha råd til å ivareta egne innbyggere. Hun «tøffer seg», svarer Tonje Brenna, og viser til at regjeringen allerede har strammet inn (ja, særlig overfor ukrainere).
Problemet er bare at den innstramningen Brenna viser til, etter tre år i regjering, er det få som ser noe til. Tvert om er det dyrtid, høye renter og stramme kommunebudsjetter som lyser mot oss. Når forsidene fylles opp med skolenedleggelser, gråtende unge mennesker, en eldreomsorg som mange steder ikke er verdig, ja, da nytter det ikke at en kjepphøy Brenna viser til at kommune-Norge fikk 10 milliarder mer i forhold til deres opprinnelige statsbudsjettforslag. Skjønner Brenna hvor lite 10 milliarder er i en slik sammenheng?
Det samme kan sies når Brenna med det godt innøvde talepunktet peker på at det kommer 60 prosent færre innvandrere nå enn på samme tid i fjor. Svaret er færre ukrainere, fordi den samme regjeringen ikke forstår et ord av hva midlertidig betyr. Hvorfor skal Norge sette i verk et kostnadskrevende integreringstiltak hvis flyktninger bare skal være i Norge til de kan returnere igjen? Og det gjelder ikke bare ukrainere. Nei, regjeringen kan bare innrømme at de legger opp til en politikk som verken er kontrollert eller bærekraftig. Bærekraftig
HRS har over lang tid snakket om en bærekraftig innvandring, som er et begrep som er ment å romme mye. For det første skiller det på ulike typer innvandring, for «innvandring» som sekkebegrep duger ikke. Den innvandringen som ikke belaster offentlige budsjetter, er selvforsørgende og kanskje til og med beriker Norge, er det antakelig få som har noe imot. Antakelig tvert om. For det andre så rommer begrepet «en bærekraftig innvandring» at den skal være både økonomisk og kulturelt bærekraftig. For det tredje handler det om antall.
Derfor: Skal vi i det hele tatt snakke om en bærekraftig innvandring må vi definere hva det er. Brenna synes å tro at det bare er å sette i verk med dyre integreringstiltak for å få de samme raskt i jobb. Da blir det – vips – bærekraftig. Svaret er nei. En ikke-bærekraftig innvandring er og forblir ikke bærekraftig, mest sannsynlig i generasjoner, og det både økonomisk og kulturelt. For det handler ikke bare om hvor mange som kommer seg i jobb etter endt introduksjonskurs, det handler vel så mye om hvor lenge de samme som faktisk kommer seg i jobb, faktisk står i jobb. Og om de altfor mange som blir stående utenfor hele livet.
Da HRS så på sysselsettingstallene for flere år siden, delte vi gruppene inn i vestlige innvandrere, ikke-vestlige innvandrere og øvrig befolkning i den mest arbeidsaktive alderen 26-61 år. Der enkelt forklart vestlige innvandrere gjorde det bra (sysselsetting på 77 prosent), ikke-vestlige er som gruppe den ikke bærekraftige (57 prosent), mens øvrig befolkning gjør det best (84 prosent). I tillegg faller sysselsettingen til ikke-vestlige i langt yngre alder enn de andre gruppene. De som er i jobb, faller altså også tidlig fra. Bærekraftig?
Hvorvidt ukrainere blir en del av den negative statistikken er det for tidlig å si noe om. Men vi vet – og det er jo det politikere som Brenna ikke vil si – at jo fjernere kulturelt fra Norge, jo vanskeligere blir det å ta fullverdig del i norsk samfunnsliv. Det bør jo Brenna vite noe om, som nettopp har sett seg nødt å dra til Somalia.
Her har nok mange større tro på ukrainere, men da kommer noen hylende om hudfarge. Man skal være komplett idiot om man tror at norske arbeidsgivere avviser kompetanse ut fra hudfarge. Problemet er vel heller motsatt, mange av de ikke-vestlige som tar seg til Norge vil aldri nå opp i det kompetansesamfunnet vi er, som igjen fører til at arbeidsgivere blir integreringsaktører. Produktivitet
Det bringer oss over til et problem som allerede er godt synlig i Norge, men som man heller ikke skal snakke for høyt om. Nemlig at produktiviteten går ned.
Kort fortalt blir vi færre som baker kaken, mens det blir stadig flere å dele kaken på. Som vi har fortalt før, med Jon Hustads ord, er produktivitet ikke kaken i seg selv, ikke engang at den blir laget (det er produksjon), men hvordan den samme kaken blir til – og at den blir størst mulig, med minst mulig ressursbruk. Kaken blir altså «dyrere» hvis ti stykker går i beina på hverandre og lager den og hvis du bruker håndvisp heller enn kjøkkenmaskin. Sistnevnte fordrer at du har tilgang på moderne utstyr. Men det er klart, er det ti stykker som er med i produksjonen, så kan det være «fornuftig» at alle gjør noe, heller enn at noen bare ser på at de andre jobber (og dertil forsyner seg grovt når kaken er ferdig).
Og det er det Brenne og Ap tror er bærekraftig. Og få folk ut i en (kortvarig) lavtlønnsjobb, for de er ikke kvalifisert for annet, som antakelig fører at de samme trenger noe mindre økonomisk ytelse enn hvis de sto helt utenfor arbeidslivet. Men koster gjør de. Det er som Simen Sandelien (Høyre) sier på Facebook:
Asylsøkere og flyktninger er i snitt ikke kvalifisert for annet enn lavinntektsjobber og konstruerte tilrettelagte tiltak med lav verdiskapning og veldig lite skattbar inntekt. Livsløpskostnaden for en mann som kommer i 25 års alder er i gjennomsnitt over 21 millioner kroner i første generasjon.
Mottak av asylsøkere og flyktninger er derfor noe man eventuelt gjør i forståelse av at det år etter år påfører samfunnet en betydelig varig svekket evne til verdiskapning pr. innbygger. Norge blir mindre og mindre produktivt og får større og større byrder med sosialkostnader – som andel av helheten – for hvert år som går. Sosialhjelp
I dag bringer Nettavisen noen tall:
Mellom 2009 og 2019 økte antall mottakere med innvandrerbakgrunn med over 70 prosent. 17 prosent av befolkningen mottok dermed 58 prosent av all sosialhjelp.
Nå har andelen vokst. I 2023 mottok utenlandsfødte 69 prosent av all sosialhjelp. 6,7 av 9,7 milliarder sosialhjelpskroner.
Avisen har også skilt mellom ukrainere og sosialhjelpsmottakere fra andre land. Siden 2010 har andelen norskfødte (her er også andregenerasjon inne) falt fra 2010 til 2021, så økt litt igjen i 2023. For innvandrere (utenlandsfødte) gikk det litt ned i 2019, for så å bare øke igjen. For ukrainere har det bare har økt, som er en selvfølge ut fra det høye antallet nyankomne.
Innvandrere (utenlandsfødte) utgjorde 16,8 prosent av Norges befolkning ved inngangen til 2024 (mens andregenerasjon, norskfødte, utgjorde 4 prosent).
Bærekraftig?
Men vi har en utfordring til, som Listhaug også pekte på i dagens debatt. Nemlig at vi egentlig ikke aner hva den ikke-bærekraftige innvandringen koster oss. Det er identifisert noen direkte kostnader, som for eksempel 30 milliarder kroner (mot danskenes 3,7 mrd kr) til asylmottak og introduksjonskurs, men listen er svært lang over ikke identifiserte kostnader (og de får vi antakelig aldri vite). Dette handler for eksempel om merkostnader til barnevern, undervisning, tolketjenester, politi, fengsel, bolig, osv. osv.
For bærekraftig blir denne innvandringen aldri. Så ta heller diskusjonen om politiske prioriteringer. Da kan vi som velgere få noe konkret å forholde oss til."
248,Fornorskingspolitikken og nåtidas briller,https://g.acdn.no/obscura/API/dynamic/r1/ece5/tr_2000_2000_s_f/1731323681000/nndb/2024/11/11/12/Samer%2Binternat%2B2.jpg?chk=1B0EC0,2024-11-11 11:19:03,https://www.nordnorskdebatt.no/fornorskingspolitikken-og-natidas-briller/o/5-124-334007,Politikk AND Venstre,"Kronikk Dette er en kronikk, skrevet av en ekstern bidragsyter. Kronikken gir uttrykk for skribentens holdninger.
Det er snart 70 år siden filologen, magisteren i pedagogikk og skolehistorikeren Helge Dahl advarte mot å bruke nåtidsbrillene i vurderinga av myndighetenes skolepolitikk overfor samene de foregående 100-150 år. I boka Språkpolitikk og skolestell i Finnmark 1814 – 1905 fra 1957, som bygde på hans magisteravhandling, uttrykte han det slik på siste side (332):
«Å felle en dom over det opplysningsarbeid som er utført i Finnmark siden 1814, er ikke lett. Den vil nesten alltid falle forskjellig ut alt etter som en legger vekten på religiøse, pedagogiske, sosiale, politiske eller nasjonale sider ved saken. Det er ikke vår oppgave å avgi noen dom. Men én ting må understrekes: En rettferdig vurdering forutsetter at en tar hele problemkomplekset i betraktning, og at en er oppmerksom på alle de vanskene opplysningsarbeidet på denne europeiske utpost hadde å stri med. Videre må en se problemene ut fra samtidens forutsetninger, og ikke ut fra våre.»
Denne betimelige advarselen fra Helge Dahl vil ikke Stortinget la seg affisere av når representantene den 12. november skal behandle rapporten fra Sannhets- og forsoningskommisjonen om fornorskingspolitikk og urett mot samer, kvener/norskfinner og skogfinner. For i innstillinga fra kontroll- og konstitusjonskomiteen har et stort flertall – alle partiene med unntak av Fremskrittspartiet – gjort akkurat det Dahl advarte mot.
Stortingsflertallet har ikke bare nekta å ta av seg nåtidsbrillene. Flertallet har også opptrådt som om glassene i disse brillene er slipt så enestående at brillene kan fungere som sannhetsserum.
Komiteflertallet påstår at det « er ingen tvil om at vi med dagens kunnskap og forståelse ikke kan omtale behandlingen de fikk av det offentlige i denne perioden som noe annet enn overgrep.»
Flertallet gjør ikke engang et forsøk på å vurdere det problematiske i å legge dagens kunnskap og forståelse til grunn når det feller en så knusende dom over politikken som deres for lengst avdøde stortingskollegaer vedtok og fikk gjennomført. I alle andre sammenhenger er man opptatt av å kontekst. Men det gir stortingsflertallet blaffen i. Iveren etter å kunne refse, er det man er opptatt av. Årsaker til språkskifte
At samer og andre minoriteter i Norge har blitt fornorska, er det ingen tvil om. Men det er høyst diskutabelt hvor mye av denne fornorskinga som har sin årsak i fornorskingspolitikken.
Komiteflertallet på Stortinget er ikke ukjent med dette. Men flertallet velger å sjå en anna veg. Arbeiderpartiet, Høyre og Senterpartiet nøyer seg med å meine at « det er vanskelig å slå fast hva som ene og alene skyldes fornorskingen, og hva som skyldes samfunnsutviklingen generelt .» Mens SV, Venstre, Rødt og MDG ikke engang finner det verdt å nevne problemstillinga.
I den offentlige debatten har språk- og skolepolitikken blitt uthengt som årsaken til at det samiske språket tapte terreng til fordel for norsk. I virkeligheten var det andre faktorer som hadde langt større betydning.
I boka Språkmøte – Innføring i sosiolingvistikk (2008) av Brit Mæhlum m.fl. framgår følgende forhold som viktigste faktorer for skifte av språk: Økonomi, status, demografi og institusjonell støtte. Og av disse er det økonomi og økonomiske endringer som antas å være den enkeltfaktoren som oftest medfører et språkskifte. Stikkorda er her industrialisering, kommunikasjoner, modernisering, urbanisering. Og primærnæringer i tilbakegang.
Det er endringer i bosetningsmønsteret og i næringslivet som er hovedårsaken til at samene på kysten i Nord-Troms og i Finnmark gikk over fra samisk til norsk språk. Utbygginga av kommunikasjonene har her hatt sentral betydning. Som Odd Mathis Hætta skriver i boka Samene – Nordkalottens urfolk (2002):
«I områder med gode kommunikasjoner og større kontakt med andre folk gikk mange samer over til flertallets bosetningsmønster og ressursutnyttelse. Dette var en del av kystsamenes ressurstilpasning. Dermed var også den kulturelle avstanden mindre og kulturkontakter førte til sammensmelting gjennom sterkt press, sosiale kontakter som ekteskap og økonomiske interesser. …………
Fra å basere seg delvis på naturalhusholdning og sjølberging gikk mange raskt over til et moderne forbrukersamfunn og tok i bruk moderne teknologi i tradisjonelle næringer. Dette gjorde sitt til at samisk språk ble svekket.» Fattigdommen
Et viktig motiv for fornorskingspolitikken var å bringe også den den samiske delen av befolkninga ut av den utbredte fattigdommen som eksisterte på 1800- og første delen av 1900-tallet. Men dette motivet leiter man forgjeves etter i komiteinnstillinga. Der handler det kun om å gjenfortelle ei historie om en brutal fornorskingspolitikk motivert av et ønske om å utrydde samisk språk og kultur.
Å kunne norsk var ei nødvendig forutsetning for komme seg ut av fattigdommen. På samme måte som det er ei nødvendig forutsetning for dagens innvandrere og flyktninger å lære seg norsk for å kunne fungere i det norske samfunnet.
Det skjønte også de fleste samene. Kjell Ballari, med et langt virke som lærer og lokalhistoriker i Tana og oppvokst i en fleirspråklig familie, skreiv opplysende om dette i kronikken « Identiteten, onkelen min og jeg » på Nordnorsk Debatt den 28. juni 2021. Da han en gang hadde prøvd å fortelle onkelen om hvor mye galt norske myndigheter hadde gjort mot samene, fikk han dette svaret:
«Ikke server meg sånt sludder. Nordmennene har brakt oss mange goder. Du aner ikke hvordan forholdene var i gamle dager. Da var det fattigdom, dårlige boforhold, mye sykdom, matmangel og dårlig med lønnede arbeidstilbud. Nød og elendighet var hverdagslivet for mange.»
Hadde myndighetene ikke satsa på norskopplæring, ikke satsa på å integrere også samene i de nye næringene som oppsto, ikke satsa på å modernisere de samiske områdene, ville man i dag med full rett kunnet anklage myndigheter for å ha forsømt seg grovt.
En slik dom er det ikke grunnlag for å felle over den fornorskingspolitikken som faktisk ble gjennomført. Den politikken hadde sine feil og mangler. Slik all politikk i etterpåklokskapens lys vil ha det.
Men det er min påstand at det er en politikk som i hovedsak har tjent også samene godt."
249,Fremskrittspartiet og Høyre med flertall på ny måling:,https://imaginary.abcmedia.no/resize?width=980&aspectratio=16:9&nocrop=false&interlace=true&url=https%3A%2F%2Fabcnyheter.drpublish.aptoma.no%2Fout%2Fimages%2Farticle%2F%2F2024%2F11%2F08%2F196042057%2F1%2Foriginal%2F116915079.jpg,2024-11-11 05:00:28,https://www.abcnyheter.no/nyheter/politikk/2024/11/11/196042056/fremskrittspartiet-og-hoyre-med-flertall-pa-ny-maling-listhaugs-drommescenario,Politics,"– Det er et veldig høyt tall. Vi får mange gode målinger nå, og så er det viktig å huske på at målinger er målinger. Det er bare én ting som teller, og det er resultatet på valgdagen neste år, sier Frp-leder Sylvi Listhaug til ABC Nyheter.
På novembermålingen fra Opinion, laget på oppdrag fra ABC Nyheter og Altinget, fortsetter Fremskrittspartiet den gode trenden. Partiet får 20,1 prosent, en nedgang på fattige 0,2 prosentpoeng fra målingen i oktober. Høyre er landets største parti med 24,1 prosent.
Stortingsmåling fra Opinion for ABC Nyheter og Altinget november 2024
Stortingsmåling fra Opinion for ABC Nyheter og Altinget november 2024
Endring fra sist måling, som var i august, i parantes:
Arbeiderpartiet:
19,4 (+0,9)
Høyre:
24,1 (+0,5)
Senterpartiet:
5,8 (-0,1)
Fremskrittspartiet:
20,1 (-0,2)
Sosialistisk Venstreparti:
8,5 (+0,4)
Rødt:
7,1 (+0,0)
Venstre:
3,8 (-2,2)
Miljøpartiet De Grønne:
3,5 (+0,1)
Kristelig Folkeparti:
3,1 (-0,5)
Andre:
4,7 (+1,2)
(Størst av de andre er
Industri- og Næringspartiet
(1,5)).
Opinions partibarometer for november 2024 er basert på 1000 telefonintervjuer ved et tilfeldig utvalg.
69 prosent har avgitt svar om partipreferanse.
Telefonintervjuene er gjennomført i perioden 30. oktober - 4. november.
Barometeret er beregnet på grunnlag av spørsmål om partipreferanse i dag og partipreferanse ved stortingsvalget 2021. Følgende spørsmål ble stilt: «Dersom det var stortingsvalg i morgen, hvilket parti ville du da stemme på?» og Stemte du ved stortingsvalget i 2021? I så fall, hvilket parti stemte du på da?»
Resultatene må tolkes innenfor feilmarginer som varierer mellom 1,0 og 3,2 prosentpoeng. De største partiene har de største feilmarginene. Resultatene er vektet på kjønn, alder og stemmegivning ved stortingsvalget 2021.
Frp og Høyre har flertall på stortinget med et resultat som i denne målingen. I prosent har de to partiene nesten like stor oppslutning som hele rødgrønn side. Arbeiderpartiet får 19,4 prosent og går litt opp fra oktobermålingen. Den største endringen fra forrige måned finner vi hos Venstre, som faller 2,2 prosentpoeng. Dermed havner partiet så vidt under sperregrensen med 3,8 prosent.
– Vi får ta denne målingen som en viktig påminnelse om at valget er langt fra over, og Venstre må kjempe for hver stemme. Et sterkt Venstre trengs, slik at en borgerlig regjering kan gi en bedre klima- og naturpolitikk, sier Venstre-leder Sveinung Rotevatn til ABC Nyheter.
Høyre-leder Erna Solberg gleder seg over målingen.
– Det er jo fantastiske tall for Høyre og Frp, og så håper jeg hele borgerlig side løfter seg. Vi har lyst til å gi Norge en handlekraftig regjering med en ny politikk, som tar tak i de store utfordringene, sier Solberg til ABC Nyheter.
Bakgrunnstallene for målingen viser at Frp henter mange velgere fra Høyre. Listhaug tror det skyldes at velgerne ser at partiet er det mest tydelige alternativet til den sittende regjeringen.
– Høyre og Arbeiderpartiet blir litt like hverandre på en del områder, og jeg tror veldig mange er enig med oss i at det brukes enorme summer på bistand, innvandring, grønne industriprosjekter og byråkrati. Samtidig ser vi at det kuttes i skoletilbud og i eldreomsorgen. Jeg tror folk er lei dette her, sier Listhaug.
Frp-lederen kommer med et stikk til regjeringen:
– Jeg tror veldig mange er sinte på hvor løst pengebruken sitter på enkelte områder. Senest denne uken fikk vi vite at regjeringen vil bruke 777 millioner på å subsidiere flere hydrogenanlegg. Jeg synes ikke det er rart at folk blir sinte når de ser denne type prioriteringer som går på bekostning av kjerneoppgavene i velferdsmodellen vår.
Listhaug er tydelig på at hun ønsker en regjering med Høyre og Frp.
– For oss er det målet. Det er basert på de erfaringene vi har gjort oss, og det er den regjeringen som fungerer best.
På flere målinger i høst har Frp vært landets største parti. Listhaug svarer ikke avvisende på om hun ønsker å bli statsminister hvis de blir størst ved stortingsvalget neste år.
– Det er naturlig at det største partiet får statsministeren, men det er lenge igjen til valget. Det blir opp til velgerne å avgjøre. For oss er det uansett politikken som blir det aller viktigste. Det hjelper ikke å bytte politikere, hvis man ikke endrer politisk kurs, mener Listhaug.
Opinion-rådgiver Martin Stubban tror ikke det er sannsynlig at Listhaug blir statsminister.
– Hvis det skal skje, er det et par forutsetninger som må være til stede, tror jeg. Det ene er at Høyre og Frp må ha flertall alene, og det andre er at Frp må være større eller jevnstore med Høyre. Sannsynligvis kommer ikke Høyre og Frp til å få flertall ved valget, de kommer til å være avhengig av Venstre og kanskje KrF. Og de partiene foretrekker Erna Solberg som statsminister, sier Stubban til ABC Nyheter.
Førsteamanuensis i statsvitenskap ved universitetet i Stavanger, Svein Erik Tuastad, sier Norge ved det kommende valget vil kunne få sin blåeste regjering i nyere tid.
– Denne målingen viser at dette er det relativt stor sjanse for, sier Tuastad til ABC Nyheter.
Han påpeker at de siste årene har det vært ganske vanlig at Høyre og Frp har ligget mellom 40 og 45 prosent på målingene.
– Da får borgerlig blokk klart flertall når Venstre og KrF er over sperregrensen. Men denne gangen ligger det altså an til at Sylvi Listhaugs drømmescenario slår til, der hun slipper de vanskelige mellompartiene, slik hun har fortalt om. Høyre vil derimot kunne ha interesse av å ha Venstre og KrF med, selv om de har flertall uten disse partiene, sier Tuastad."
